{"cameraMode":{"drawMode":0,"name":"Shaded","section":"Shading Mode"},"sceneLighting":true,"audioPlay":false,"sceneViewState":{"showFog":false,"showMaterialUpdate":false,"showSkybox":true,"showFlares":false,"showImageEffects":false,"showParticleSystems":false},"in2DMode":false,"pivot":{"x":-1.4702160358428956,"y":-11.645794868469239,"z":-14.362914085388184},"rotation":{"x":0.03402065858244896,"y":0.9268964529037476,"z":-0.36357781291007998,"w":0.08673198521137238},"size":23.009984970092775,"orthographic":false}